Code,Name,ROE_Latest,ROE_Avg3,OP_Margin,Debt_Ratio,PER,PBR,Quick_Ratio
005930,삼성전자,10.85,8.01,13.07,29.94,18.27,1.87,183.27
000660,SK하이닉스,44.15,19.866666666666664,48.59,45.95,11.04,3.79,132.97
402340,SK스퀘어,37.82,17.16,84.14,9.01,5.54,1.76,199.9
009150,삼성전기,7.7,7.12,8.07,48.98,28.02,2.02,122.24
373220,LG에너지솔루션,-5.19,-1.2566666666666668,5.69,129.0,-80.38,4.27,60.01
005380,현대차,8.41,11.506666666666666,6.16,188.95,8.39,0.67,47.57
207940,삼성바이오로직스,19.44,13.003333333333336,45.41,48.44,63.79,10.52,85.93
105560,KB금융,9.98,9.076666666666666,10.49,1211.73,8.25,0.76,
032830,삼성생명,4.96,5.223333333333334,6.95,440.89,13.69,0.45,
028260,삼성물산,6.02,6.71,8.08,50.5,16.91,0.79,112.77
012450,한화에어로스페이스,19.14,32.89333333333333,11.57,221.38,32.93,5.0,54.67
034020,두산에너빌리티,1.11,1.1366666666666667,4.47,129.1,569.06,6.19,81.41
055550,신한지주,8.72,8.396666666666667,10.86,1201.94,7.62,0.63,
329180,HD현대중공업,18.82,10.226666666666667,11.59,180.07,32.42,5.72,51.07
000270,기아,12.92,17.483333333333334,7.95,61.76,6.37,0.77,103.73
006400,삼성SDI,-3.15,3.82,-12.98,79.27,-32.37,0.99,53.31
034730,SK,6.35,-0.9866666666666664,1.48,149.17,11.73,0.56,74.31
068270,셀트리온,5.94,4.49,28.07,28.71,40.71,2.31,72.29
086790,하나금융지주,9.17,9.096666666666666,7.76,1377.89,6.67,0.57,
066570,LG전자,4.28,3.2600000000000002,2.78,140.33,17.27,0.69,83.12
012330,현대모비스,7.68,8.586666666666666,5.49,43.05,9.4,0.68,126.84
010120,LS ELECTRIC,14.67,13.573333333333332,8.59,131.48,48.15,6.61,105.92
035420,NAVER,7.36,6.5566666666666675,18.35,41.9,19.59,1.32,128.24
000810,삼성화재,10.97,12.270000000000001,10.73,352.98,12.21,0.99,
316140,우리금융지주,8.91,8.860000000000001,8.85,1488.67,6.63,0.57,
096770,SK이노베이션,-14.42,-7.616666666666667,0.56,190.2,-4.81,0.78,62.93
298040,효성중공업,24.41,16.866666666666664,12.52,190.31,31.94,7.05,69.07
005490,POSCO홀딩스,1.18,2.1199999999999997,2.64,68.64,37.73,0.41,129.0
267260,HD현대일렉트릭,41.5,36.18333333333334,24.4,134.63,38.08,13.73,72.3
042660,한화오션,22.59,13.479999999999999,9.13,226.17,27.94,5.64,30.88
009540,HD한국조선해양,17.78,10.4,13.04,133.86,13.28,2.17,64.56
000150,두산,4.99,-10.773333333333333,5.37,169.14,220.26,8.94,81.27
010130,고려아연,8.66,5.723333333333334,7.43,83.75,34.17,2.5,80.76
042700,한미반도체,34.76,39.24333333333333,43.59,17.82,57.05,17.51,285.46
138040,메리츠금융지주,22.53,24.69333333333333,14.14,1102.87,8.91,1.84,
011200,HMM,6.9,8.946666666666665,13.42,26.31,10.49,0.73,566.72
015760,한국전력,19.4,5.329999999999999,13.85,416.85,3.55,0.63,28.51
017670,SK텔레콤,3.33,7.93,6.28,132.4,28.14,0.89,95.81
051910,LG화학,-5.5,-1.1366666666666665,2.57,114.54,-14.33,0.79,77.87
010950,S-Oil,2.01,3.5533333333333332,0.69,198.82,54.69,1.09,36.41
033780,KT&G,11.77,11.396666666666667,20.42,51.98,15.84,1.59,111.46
010140,삼성중공업,13.73,3.7600000000000002,8.1,265.05,38.88,4.96,49.69
006800,미래에셋증권,12.36,7.739999999999999,6.54,1015.01,10.79,1.02,
003550,LG,2.64,3.23,12.58,12.03,17.44,0.43,225.8
018260,삼성에스디에스,7.89,8.173333333333334,6.87,31.09,17.47,1.34,402.7
024110,기업은행,7.7,8.183333333333334,12.51,1258.51,6.16,0.46,
267250,HD현대,10.25,6.726666666666667,8.56,159.39,15.47,1.32,49.01
003670,포스코퓨처엠,0.92,-1.956666666666667,1.12,102.65,485.02,4.09,77.3
079550,LIG디펜스앤에어로스페이스,19.2,18.736666666666665,7.42,446.35,36.56,6.43,49.98
035720,카카오,4.59,-1.7033333333333331,9.04,82.49,54.13,2.35,122.32
086280,현대글로비스,18.13,15.296666666666667,7.01,78.92,7.81,1.31,162.91
000720,현대건설,4.58,3.0866666666666664,2.1,174.81,21.12,0.95,142.74
278470,에이피알,75.3,57.169999999999995,23.93,73.11,29.98,19.4,120.55
011070,LG이노텍,6.14,9.216666666666667,3.04,107.02,18.79,1.11,110.7
272210,한화시스템,6.6,14.366666666666667,3.27,106.5,42.43,2.1,47.69
030200,KT,10.22,6.373333333333334,8.74,120.72,7.66,0.72,103.0
047810,한국항공우주,10.51,11.913333333333334,7.28,446.57,59.99,6.09,49.09
064350,현대로템,30.05,20.653333333333336,17.22,206.39,26.64,6.66,97.76
005830,DB손해보험,17.75,17.463333333333335,10.34,576.91,5.19,0.73,
003490,대한항공,7.28,10.636666666666668,4.42,339.88,10.68,0.76,54.64
443060,HD현대마린솔루션,33.73,50.099999999999994,17.66,54.27,32.18,10.52,222.32
078930,GS,5.55,6.573333333333334,11.66,86.04,6.68,0.36,77.94
307950,현대오토에버,10.27,9.893333333333333,6.0,92.31,49.89,4.93,173.76
071050,한국금융지주,18.66,13.003333333333336,12.05,1025.35,4.93,0.79,
047050,포스코인터내셔널,9.27,10.256666666666666,3.6,140.03,14.21,1.26,87.83
028050,삼성E&A,13.76,19.286666666666665,8.77,125.8,7.63,0.99,131.75
323410,카카오뱅크,7.23,6.726666666666667,21.04,1032.02,21.45,1.52,
006260,LS,5.64,6.786666666666666,3.3,225.47,23.63,1.09,64.37
005940,NH투자증권,11.76,9.33,10.37,783.5,7.31,0.84,
180640,한진칼,4.75,12.096666666666666,-2.52,20.93,53.83,2.5,76.61
259960,크래프톤,10.6,14.286666666666669,31.7,31.31,15.94,1.56,144.16
003230,삼양식품,37.59,33.92333333333333,22.29,72.74,23.81,7.39,107.84
000500,가온전선,10.96,7.686666666666667,3.11,184.82,25.62,2.82,91.9
090430,아모레퍼시픽,4.41,6.6066666666666665,7.9,26.49,35.01,1.51,92.83
0126Z0,삼성에피스홀딩스,,,-25.29,30.64,35.03,3.12,61.07
007660,이수페타시스,29.64,24.69,18.82,70.53,52.83,11.58,135.42
016360,삼성증권,13.09,11.506666666666666,9.25,887.64,6.68,0.83,
047040,대우건설,-23.89,-1.693333333333334,-10.12,284.46,-1.74,0.47,145.78
009830,한화솔루션,-7.01,-8.219999999999999,-2.74,196.32,-7.48,0.53,49.29
161390,한국타이어앤테크놀로지,9.39,9.343333333333334,8.68,87.63,6.63,0.59,110.9
021240,코웨이,18.14,18.849999999999998,17.7,93.71,10.15,1.7,82.93
000880,한화,3.3,4.663333333333333,5.54,497.35,24.87,0.74,43.53
352820,하이브,-7.33,-0.1466666666666668,1.86,54.46,-58.17,4.31,296.8
064400,LG씨엔에스,17.35,18.240000000000002,9.0,79.68,13.5,2.03,185.23
039490,키움증권,18.12,14.456666666666669,8.69,1107.51,7.15,1.14,
128940,한미약품,14.52,14.136666666666665,16.66,50.23,34.15,4.59,91.22
032640,LG유플러스,6.01,5.966666666666666,5.77,117.06,12.19,0.71,70.24
062040,산일전기,29.21,35.096666666666664,35.59,16.48,26.6,6.75,320.62
267270,HD건설기계,5.74,7.03,4.52,86.64,17.53,0.95,101.52
353200,대덕전자,5.37,3.6799999999999997,4.61,31.28,50.97,2.7,177.26
326030,SK바이오팜,39.28,28.776666666666667,28.86,45.03,36.55,12.0,197.49
001440,대한전선,5.48,6.386666666666667,3.54,114.0,50.7,2.66,91.3
175330,JB금융지주,12.36,12.463333333333333,20.57,1084.16,6.96,0.81,
241560,두산밥캣,5.71,10.423333333333334,7.8,70.77,13.85,0.77,103.1
377300,카카오페이,2.4,0.6033333333333334,5.25,173.7,146.42,3.49,109.08
000990,DB하이텍,12.52,13.536666666666667,19.85,33.36,11.69,1.28,84.89
000100,유한양행,8.81,6.32,4.77,36.35,47.05,3.64,153.91
138930,BNK금융지주,7.58,6.973333333333334,8.89,1333.0,6.18,0.46,
088350,한화생명,6.51,6.303333333333332,4.18,974.0,4.41,0.18,
029780,삼성카드,7.45,7.6866666666666665,19.48,263.01,10.03,0.67,
