Code,Name,Marcap
005930,삼성전자,1578495224160000
000660,SK하이닉스,1291510501320000
402340,SK스퀘어,145116397800000
009150,삼성전기,111965850304000
373220,LG에너지솔루션,85176000000000
005380,현대차,72128871414000
207940,삼성바이오로직스,64807331400000
105560,KB금융,61786603262800
032830,삼성생명,59200000000000
028260,삼성물산,56028899235500
012450,한화에어로스페이스,53316556634000
034020,두산에너빌리티,52526013972000
055550,신한지주,52249811600700
329180,HD현대중공업,46392861450000
000270,기아,45912568564800
006400,삼성SDI,42952087490000
034730,SK,41906562334000
068270,셀트리온,41475642480800
086790,하나금융지주,36662228823000
066570,LG전자,34938754851000
012330,현대모비스,33503078205000
010120,LS ELECTRIC,30675000000000
035420,NAVER,30069056751300
000810,삼성화재,29511979653000
316140,우리금융지주,26819030674800
096770,SK이노베이션,26744151061600
298040,효성중공업,25922243440000
005490,POSCO홀딩스,25079943295500
267260,HD현대일렉트릭,24980664555000
042660,한화오션,24513071520000
009540,HD한국조선해양,23496674512000
000150,두산,23043827205000
010130,고려아연,23002011838000
042700,한미반도체,22350710900000
138040,메리츠금융지주,22324126218200
011200,HMM,20043806862500
015760,한국전력,19708297163900
017670,SK텔레콤,18944482674600
051910,LG화학,18530490037500
010950,S-Oil,18260928862400
033780,KT&G,18208353982400
010140,삼성중공업,17688000000000
006800,미래에셋증권,17268069421800
003550,LG,17235888456000
018260,삼성에스디에스,16945738200000
024110,기업은행,16666200662100
267250,HD현대,16509554765000
003670,포스코퓨처엠,16472839944000
079550,LIG디펜스앤에어로스페이스,15246000000000
035720,카카오,15128446687450
086280,현대글로비스,14932500000000
000720,현대건설,13874928319000
278470,에이피알,13795960117500
011070,LG이노텍,13679587846000
272210,한화시스템,13677763763600
030200,KT,13331947136500
047810,한국항공우주,12632773867200
064350,현대로템,12627763300100
005830,DB손해보험,12504016624100
003490,대한항공,11672593305300
443060,HD현대마린솔루션,11006614430000
078930,GS,10571507331000
307950,현대오토에버,10311417232000
071050,한국금융지주,10136557944800
047050,포스코인터내셔널,10010006637200
028050,삼성E&A,9800000000000
323410,카카오뱅크,9780968958500
006260,LS,9765600000000
005940,NH투자증권,9617819035250
180640,한진칼,9433509457500
259960,크래프톤,9275069976000
003230,삼양식품,9152613225000
000500,가온전선,8948170903500
090430,아모레퍼시픽,8346916709300
0126Z0,삼성에피스홀딩스,8261172268000
007660,이수페타시스,8243855293700
016360,삼성증권,7929840000000
047040,대우건설,7675754677840
009830,한화솔루션,7500166075600
161390,한국타이어앤테크놀로지,7420116633100
021240,코웨이,7189970481600
000880,한화,7023415734900
352820,하이브,6978996748400
064400,LG씨엔에스,6801393549600
039490,키움증권,6740677212000
128940,한미약품,6456739464000
032640,LG유플러스,6268797601640
062040,산일전기,6159212850000
267270,HD건설기계,6127162794000
353200,대덕전자,6093106852500
326030,SK바이오팜,5967469650000
001440,대한전선,5860178620400
175330,JB금융지주,5819480908800
241560,두산밥캣,5569237376500
377300,카카오페이,5567620595300
000990,DB하이텍,5529433134800
000100,유한양행,5499098840700
138930,BNK금융지주,5075129481540
088350,한화생명,5054844600000
029780,삼성카드,5022482924850
